,Ticks,Correlation
5,960033.OF,0.8636342439670437
7,960028.OF,0.8597842684510689
8,960003.OF,0.9067765475828914
9,770001.OF,0.8701267241872658
10,762001.OF,0.689875560455672
11,750005.OF,0.5871556908977349
12,750001.OF,0.8622088495545897
13,740101.OF,0.9370778382919489
14,740001.OF,0.7464451968912327
15,730002.OF,0.7582255841766494
16,730001.OF,0.763804947531831
17,720001.OF,0.688518472681466
18,710002.OF,0.745098446600391
19,710001.OF,0.7039498845680344
20,700004.OF,0.510967875615116
21,700003.OF,0.737550150823265
22,700002.OF,0.8984937238734979
23,700001.OF,0.7157168579131095
24,690011.OF,0.7578839323372354
25,690009.OF,0.7860057153940008
26,690008.OF,0.8425736456584783
27,690007.OF,0.8238786896205543
28,690005.OF,0.8308623738884273
29,690004.OF,0.817195293550965
30,690003.OF,0.7969150448277827
31,690001.OF,0.7873039337496514
32,688888.OF,0.8659986957987102
33,673120.OF,0.6968604788940838
34,673110.OF,0.8864978922133505
35,673100.OF,0.9630087318195256
36,673090.OF,0.9436846238173779
37,673083.OF,0.5896096693638676
38,673081.OF,0.6745551228717748
39,673073.OF,0.6860663567077331
40,673071.OF,0.49059070475941
41,673060.OF,0.6549799669767423
42,673043.OF,0.7002519559997942
43,673040.OF,0.6886417381089025
44,673010.OF,0.7547417435711054
45,671010.OF,0.8076760966415656
46,660015.OF,0.7030769447243731
47,660012.OF,0.7256954397307342
48,660011.OF,0.8475026851309907
49,660010.OF,0.768802198370757
50,660008.OF,0.9928340393229063
51,660006.OF,0.8678954011831606
52,660005.OF,0.7421110710085757
53,660004.OF,0.7975188778849341
54,660003.OF,0.8027978022258602
55,660001.OF,0.7615584740457416
56,630016.OF,0.8032978830835836
57,630015.OF,0.8265826293372516
58,630011.OF,0.6956907740176539
59,630010.OF,0.7261196729004109
60,630008.OF,0.7975700132365136
61,630006.OF,0.7766387511539092
62,630005.OF,0.7254680362565392
63,630002.OF,0.7311618124550862
64,630001.OF,0.856665281597431
65,620007.OF,0.4905847622715543
66,620006.OF,0.8089923747840291
67,620004.OF,0.8143258910768351
68,620002.OF,0.8083509757469172
69,620001.OF,0.6693921720413568
70,610007.OF,0.7592512672402767
71,610006.OF,0.7947957849026448
72,610005.OF,0.8531921452469952
73,610004.OF,0.7883034469106748
74,610002.OF,0.8208148347806427
75,610001.OF,0.8812403637323858
76,590008.OF,0.6382548608282422
77,590006.OF,0.7522856255493032
78,590005.OF,0.7641503471996235
79,590003.OF,0.7271781342962929
80,590002.OF,0.8674084982861962
81,590001.OF,0.890954846884864
82,585001.OF,0.8769659435101748
83,580009.OF,0.8052309608032118
84,580008.OF,0.7504229426227765
85,580007.OF,0.8084568825763949
86,580006.OF,0.8554120362718513
87,580005.OF,0.7311133053880122
88,580003.OF,0.8017473987471591
89,580002.OF,0.7617417046840966
90,580001.OF,0.8023426633344569
91,571002.OF,0.8086470859412366
92,570008.OF,0.768533379971538
93,570007.OF,0.79813021847524
94,570006.OF,0.7858898024619546
95,570005.OF,0.8677286722598522
96,570001.OF,0.9171551739215718
97,560006.OF,0.7565979700907289
98,560003.OF,0.8786123072059338
99,560002.OF,0.8645496646852926
100,550016.OF,0.6054630586469588
101,550015.OF,0.6067654293782494
102,550009.OF,0.7633535577335102
103,550008.OF,0.8088131527537403
104,550003.OF,0.7780909210423929
105,550002.OF,0.8848435048898585
106,550001.OF,0.8650337912592584
107,540012.OF,0.9621202998130147
108,540010.OF,0.6939199092284987
109,540009.OF,0.8565729505032597
110,540008.OF,0.7441247000136905
111,540007.OF,0.8398791705841597
112,540006.OF,0.9197514787277893
113,540004.OF,0.7284480118019936
114,540003.OF,0.8569722356727898
115,540002.OF,0.9071778807787015
116,539002.OF,0.5438720642391456
117,539001.OF,0.4787250214209516
118,530019.OF,0.835509413900192
119,530018.OF,0.9430072115218177
120,530016.OF,0.8328735490518903
121,530015.OF,0.9520096306740334
122,530011.OF,0.8768606538912548
123,530010.OF,0.9664844241736934
124,530006.OF,0.8632820423731963
125,530005.OF,0.9231405191027677
126,530003.OF,0.9042702728116058
127,530001.OF,0.8939220716521403
128,519996.OF,0.8907708006951957
129,519994.OF,0.9170216503651739
130,519993.OF,0.8642085250642855
131,519991.OF,0.8156429819439659
132,519987.OF,0.8178359881127899
133,519983.OF,0.8357406440930094
134,519981.OF,0.14969915191481892
135,519979.OF,0.724310609405722
136,519951.OF,0.618226475978406
137,519949.OF,0.5387024444206006
138,519935.OF,0.8279676232932666
139,519929.OF,0.7357228181482922
140,519908.OF,0.790793726858707
141,519779.OF,0.8431754409109687
142,519778.OF,0.7682425779348915
143,519773.OF,0.6680830823076326
144,519772.OF,0.7570149053497583
145,519771.OF,0.5926460000164137
146,519770.OF,0.6694967438938699
147,519769.OF,0.6626232866702675
148,519768.OF,0.6794263290334429
149,519767.OF,0.6735124381807401
150,519766.OF,0.42841174721601644
151,519732.OF,0.7666553510733075
152,519727.OF,0.776479493371655
153,519712.OF,0.8628762023358051
154,519706.OF,0.9556812529678562
155,519704.OF,0.7812628517657334
156,519702.OF,0.8100817143315179
157,519700.OF,0.8542178958649199
158,519698.OF,0.7516357696868715
159,519697.OF,0.7030463668108552
160,519696.OF,0.4723876203858513
161,519694.OF,0.8633431332138247
162,519692.OF,0.8580476243599988
163,519690.OF,0.8648864241149784
164,519688.OF,0.8527802103707913
165,519686.OF,0.96501020544744
166,519679.OF,0.7184463176311493
167,519678.OF,0.7389675447326078
168,519674.OF,0.729117119037801
169,519672.OF,0.7719708830197874
170,519671.OF,0.9545231958059105
171,519670.OF,0.7312179273074798
172,519668.OF,0.7669754653801488
173,519642.OF,0.8059975057367879
174,519630.OF,0.7763646360426164
175,519629.OF,0.7777328546313157
176,519628.OF,0.699075740505004
177,519627.OF,0.7247380953471804
178,519626.OF,0.84579986091758
179,519625.OF,0.845231934646117
180,519624.OF,0.7922479533733092
181,519623.OF,0.7908832446577245
182,519621.OF,0.8720531390353589
183,519620.OF,0.8855399343910225
184,519619.OF,0.8857111547280337
185,519618.OF,-0.018803240570722083
186,519617.OF,0.7356977435864895
187,519616.OF,0.7350561586520084
188,519615.OF,0.5165743811453765
189,519614.OF,0.5102810107382165
190,519613.OF,0.5101104272892585
191,519612.OF,0.7468824573398327
192,519611.OF,0.7645721040973849
193,519610.OF,0.7676856624306441
194,519602.OF,0.6217615027435351
195,519601.OF,0.6172090462887212
196,519300.OF,0.9974280504087157
197,519229.OF,0.4867211867357178
198,519228.OF,0.4992891962898666
199,519224.OF,0.9267746307981775
200,519223.OF,0.926771522427597
201,519222.OF,0.7745133437032901
202,519221.OF,0.82313161000282
203,519212.OF,0.7898558610709382
204,519198.OF,0.48613548693419106
205,519197.OF,0.5466155189277848
206,519193.OF,0.8730661147850411
207,519185.OF,0.8237036103365409
208,519183.OF,0.616449117998099
209,519181.OF,0.8602439175592419
210,519180.OF,0.9907388763861521
211,519175.OF,0.8895355162363472
212,519158.OF,0.8425040591912843
213,519156.OF,0.6462403674302493
214,519150.OF,0.8193816745790563
215,519139.OF,0.8768705333111437
216,519134.OF,0.7384401032783089
217,519133.OF,0.862548143530768
218,519125.OF,0.7132929862051193
219,519120.OF,0.6349403442394675
220,519117.OF,0.8892958705551048
221,519116.OF,0.9933151947351726
222,519115.OF,0.7315978555700277
223,519113.OF,0.7151810244383607
224,519110.OF,0.7820924099772381
225,519100.OF,0.9795073920030557
226,519099.OF,0.7901395631539638
227,519097.OF,0.811039483920623
228,519095.OF,0.7894517011092054
229,519093.OF,0.9274111999596725
230,519091.OF,0.8216657795788733
231,519089.OF,0.7640288750896802
232,519087.OF,0.932761359732016
233,519069.OF,0.9109047373116411
234,519068.OF,0.8450615244245268
235,519066.OF,0.7332701412984285
236,519056.OF,0.7637783192878026
237,519050.OF,0.5114323200827345
238,519039.OF,0.9196426228973386
239,519035.OF,0.8615919650205863
240,519034.OF,0.8363991656006932
241,519033.OF,0.7782836844523512
242,519032.OF,0.9399137879512355
243,519029.OF,0.8273498181748208
244,519027.OF,0.917747396192562
245,519026.OF,0.7309440684707917
246,519025.OF,0.840595182631343
247,519021.OF,0.8539887402695322
248,519020.OF,0.5448852898715382
249,519019.OF,0.8059207385942084
250,519018.OF,0.8276059071815421
251,519017.OF,0.8879371638628196
252,519015.OF,0.8793719644462837
253,519013.OF,0.8996009784003868
254,519011.OF,0.8986934510485095
255,519008.OF,0.8342917244556749
256,519007.OF,0.8777202383059449
257,519005.OF,0.8146221423790979
258,519003.OF,0.8686939411940003
259,519002.OF,0.747688592166988
260,519001.OF,0.8903145391660479
261,510081.OF,0.8900650868947277
262,501042.OF,0.5871361636956828
263,501041.OF,0.5860328279918529
264,486002.OF,0.2373661905965637
265,486001.OF,0.48034233047032426
266,483003.OF,0.8418061166433272
267,481017.OF,0.8725510429059213
268,481015.OF,0.7220974141382879
269,481013.OF,0.9025402321604901
270,481012.OF,0.9403438495729652
271,481010.OF,0.7704942806709435
272,481009.OF,0.9987366646709434
273,481008.OF,0.9070075622937845
274,481006.OF,0.8353536387414329
275,481004.OF,0.8390017943399396
276,481001.OF,0.8952844992522797
277,470888.OF,0.5973584019391356
278,470098.OF,0.8340590773898348
279,470068.OF,0.919994648708951
280,470028.OF,0.6784127291593121
281,470009.OF,0.7423535835021102
282,470008.OF,0.7771943425888506
283,470007.OF,0.9844075008881678
284,470006.OF,0.7056796004358507
285,460300.OF,0.9933473106494778
286,460220.OF,0.9250729526881347
287,460010.OF,0.5584633357931534
288,460009.OF,0.8782540856131223
289,460007.OF,0.7949264420548683
290,460005.OF,0.7765770614515831
291,460002.OF,0.8604725986690536
292,460001.OF,0.8692731640639352
293,457001.OF,0.6035189086417886
294,450011.OF,0.7962059059927636
295,450010.OF,0.8382277263105077
296,450009.OF,0.8575876886121157
297,450008.OF,0.9841488327290557
298,450007.OF,0.8534709744964195
299,450004.OF,0.7321866435377374
300,450003.OF,0.9009594847045564
301,450002.OF,0.8943097188906236
302,450001.OF,0.9056347614718292
303,420009.OF,0.6344737131553253
304,420005.OF,0.7639482715883612
305,420003.OF,0.7907518292827368
306,420001.OF,0.8534300505614618
307,410010.OF,0.8437043674167042
308,410009.OF,0.7935993073447869
309,410008.OF,0.9755290776606312
310,410007.OF,0.7856977136218691
311,410006.OF,0.8009055189625964
312,410003.OF,0.8330192341436635
313,410001.OF,0.8404851874088031
314,400020.OF,0.4043276762139892
315,400015.OF,0.7267192493982126
316,400013.OF,0.7262451227812926
317,400011.OF,0.8937834187226704
318,400007.OF,0.8438645746686076
319,400003.OF,0.8666401272170786
320,400001.OF,0.8564316302976119
321,399011.OF,0.7939161549891774
322,399001.OF,0.9388108381527303
323,398061.OF,0.6943069235683791
324,398051.OF,0.7203928706056539
325,398041.OF,0.7856466261173718
326,398031.OF,0.8080885648848658
327,398021.OF,0.8182575368380407
328,398011.OF,0.8213429483384821
329,398001.OF,0.8076947751773164
330,379010.OF,0.7805953737038613
331,378546.OF,0.2874416124232317
332,378010.OF,0.8537970581272728
333,378006.OF,0.5661636892326934
334,377530.OF,0.7801623784565522
335,377240.OF,0.7003018617119641
336,377150.OF,0.7766284492347636
337,377020.OF,0.7790700148128573
338,377016.OF,0.512600354739104
339,377010.OF,0.8428279178106823
340,376510.OF,0.8651117205861355
341,375010.OF,0.8659176131209857
342,373020.OF,0.775435513076381
343,373010.OF,0.85216760105919
344,370027.OF,0.7099597535036171
345,370024.OF,0.7802363984673742
346,370023.OF,0.9394036469928357
347,360016.OF,0.833511455504435
348,360012.OF,0.7838164979686812
349,360011.OF,0.8523885539359068
350,360010.OF,0.837812756548259
351,360007.OF,0.9162752487783911
352,360006.OF,0.9007445572322018
353,360005.OF,0.9388860860317909
354,360001.OF,0.9496651101504243
355,350009.OF,0.5745454046469358
356,350008.OF,0.811862491830896
357,350007.OF,0.6630459512182252
358,350005.OF,0.7592431289245611
359,350002.OF,0.8280193701010818
360,350001.OF,0.7746016232551131
361,340008.OF,0.7230040653485297
362,340007.OF,0.7943773326645653
363,340006.OF,0.8865855315517676
364,340001.OF,0.8110865815758079
365,320020.OF,0.4930502201586158
366,320018.OF,0.8140220607082814
367,320017.OF,0.0802938083840233
368,320016.OF,0.8200799521970868
369,320015.OF,0.8927420386918564
370,320014.OF,0.8884999998111365
371,320013.OF,0.006522093350568169
372,320012.OF,0.8585384555730283
373,320011.OF,0.9040897694539194
374,320010.OF,0.9726923757954186
375,320007.OF,0.7307500324755364
376,320006.OF,0.8120652079298007
377,320005.OF,0.9215710491872844
378,320003.OF,0.9060656504149746
379,320001.OF,0.851283659755407
380,310398.OF,0.9562079473279727
381,310388.OF,0.8123501956875957
382,310368.OF,0.7714002505563098
383,310358.OF,0.8489159677403855
384,310328.OF,0.9211203169727575
385,310318.OF,0.7323438376573888
386,310308.OF,0.8591268942300037
387,290014.OF,0.7771204789207838
388,290011.OF,0.7752515697512835
389,290010.OF,0.9353894587940949
390,290008.OF,0.7963020691127216
391,290006.OF,0.802477631062735
392,290005.OF,0.6996056253566104
393,290004.OF,0.8488273508019715
394,290002.OF,0.8169934102109863
395,288002.OF,0.9231377740849422
396,288001.OF,0.8641501704335859
397,270050.OF,0.6890594727798033
398,270042.OF,0.18147584817815526
399,270041.OF,0.8038072694704931
400,270028.OF,0.7539618735986106
401,270026.OF,0.8286375796664369
402,270025.OF,0.8321631142962177
403,270023.OF,0.5700476321851191
404,270022.OF,0.8238712847673433
405,270021.OF,0.751841427903757
406,270010.OF,0.9937213052631851
407,270008.OF,0.7368512088438398
408,270007.OF,0.8607635869511746
409,270006.OF,0.8454099914069755
410,270005.OF,0.8635391005273985
411,270002.OF,0.8645483174197194
412,270001.OF,0.843927255218224
413,262001.OF,0.5655676145739683
414,260117.OF,0.8074780360656225
415,260116.OF,0.875047603203915
416,260115.OF,0.7823838138832404
417,260112.OF,0.8658235810210883
418,260111.OF,0.801892718479531
419,260110.OF,0.9093572958525039
420,260109.OF,0.8510228226058205
421,260108.OF,0.8641705679584439
422,260104.OF,0.8513658073052895
423,260103.OF,0.8597130044912484
424,260101.OF,0.8430946080535363
425,257070.OF,0.6714088172826707
426,257060.OF,0.8708070705945361
427,257050.OF,0.8108264090123968
428,257040.OF,0.7554912409575191
429,257030.OF,0.886613683269444
430,257020.OF,0.8770966963995578
431,257010.OF,0.9097319481014319
432,255010.OF,0.8635259337662018
433,253010.OF,0.7431561302905868
434,241001.OF,0.6063595116736773
435,240022.OF,0.8265022679785786
436,240020.OF,0.7125812068855908
437,240019.OF,0.9445616023692821
438,240017.OF,0.7281475664155804
439,240016.OF,0.915496463517919
440,240014.OF,0.9774641377893744
441,240011.OF,0.8561415754691315
442,240010.OF,0.887101203599895
443,240009.OF,0.8409814833101525
444,240008.OF,0.8689928241089262
445,240005.OF,0.8828594803290088
446,240004.OF,0.8586342392242312
447,240002.OF,0.9373662109158938
448,240001.OF,0.8408394120408786
449,233015.OF,0.9543862452842691
450,233011.OF,0.7932980748678039
451,233010.OF,0.9005898525881724
452,233009.OF,0.7914109998857741
453,233008.OF,0.6811347869575617
454,233007.OF,0.7944192067854129
455,233006.OF,0.8136186411042057
456,233001.OF,0.8544895028288486
457,229002.OF,0.8351280374022144
458,217027.OF,0.9528537787200833
459,217021.OF,0.7922709738753829
460,217020.OF,0.6407693266743859
461,217019.OF,0.7807991145249414
462,217017.OF,0.8907053868151973
463,217016.OF,0.9468841142417337
464,217013.OF,0.80452082851048
465,217012.OF,0.8285865936683123
466,217010.OF,0.8399914274723751
467,217009.OF,0.8920423888778637
468,217005.OF,0.8795378432903499
469,217002.OF,0.8663932416526395
470,217001.OF,0.8784701456337932
471,213010.OF,0.977231560182046
472,213008.OF,0.7917510961441748
473,213006.OF,0.7692472839195421
474,213003.OF,0.8321184441015991
475,213002.OF,0.8516930509648784
476,213001.OF,0.7994735811985086
477,210009.OF,0.6917836405792107
478,210008.OF,0.7248981949193771
479,210006.OF,0.6737880681482474
480,210005.OF,0.7468408763403623
481,210004.OF,0.7692793073362529
482,210003.OF,0.8426038224391035
483,210002.OF,0.77525125302872
484,210001.OF,0.86450402185044
485,206013.OF,0.5385611377744551
486,206012.OF,0.8499829155555774
487,206011.OF,0.17769914581996482
488,206010.OF,0.8649439125907908
489,206009.OF,0.7639654519837347
490,206007.OF,0.7765375776968712
491,206005.OF,0.9313781224614749
492,206002.OF,0.8500878424106116
493,202801.OF,0.47559062286186665
494,202212.OF,0.8742463885295748
495,202027.OF,0.8045817173492689
496,202025.OF,0.8686040140208426
497,202023.OF,0.8322314104723918
498,202021.OF,0.9617811867438415
499,202019.OF,0.8842907137990635
500,202017.OF,0.931790742048207
501,202015.OF,0.9985763877516732
502,202011.OF,0.8290699836368283
503,202009.OF,0.8240464262066085
504,202007.OF,0.8515266635541414
505,202005.OF,0.9474010594043332
506,202003.OF,0.8586101306343006
507,202002.OF,0.8944046590129184
508,202001.OF,0.888894412918637
509,200016.OF,0.5018793890357774
510,200015.OF,0.7890320773350701
511,200012.OF,0.8139540884250087
512,200011.OF,0.79368058371596
513,200010.OF,0.7579039916177756
514,200008.OF,0.929581867245221
515,200007.OF,0.8801039052253088
516,200006.OF,0.8500474765047605
517,200002.OF,0.9972163802722689
518,200001.OF,0.7288560927790306
519,183001.OF,0.42484421181684473
520,180033.OF,0.9546681519612239
521,180031.OF,0.8065217237198581
522,180028.OF,0.882378411545619
523,180020.OF,0.7420308228531382
524,180018.OF,0.8614711134193082
525,180013.OF,0.8121082596664192
526,180012.OF,0.8896208736150749
527,180010.OF,0.8975995573627069
528,180003.OF,0.9453615831250788
529,180001.OF,0.8299419087957774
530,168501.OF,0.8324847844949359
531,168107.OF,0.8116878197367611
532,167703.OF,0.9405428682483772
533,167702.OF,0.9405033217219028
534,167601.OF,0.9832807050695879
535,166801.OF,0.809687295693044
536,166020.OF,0.5628795373176726
537,166019.OF,0.7702756538818261
538,166005.OF,0.8993043321348879
539,166002.OF,0.8438375546654009
540,165806.OF,0.9487984329449642
541,165707.OF,0.9054928441016187
542,165531.OF,0.689454691746138
543,165521.OF,0.8918671030036682
544,165520.OF,0.7720526696466188
545,165519.OF,0.8041826461044873
546,165515.OF,0.9967111435073235
547,165511.OF,0.85523106007597
548,165312.OF,0.9599874288520837
549,165310.OF,0.9547131176591347
550,164908.OF,0.7101534285908286
551,164205.OF,0.7580001392545732
552,163823.OF,0.5588101540726798
553,163822.OF,0.7252062276324238
554,163818.OF,0.7555795209381325
555,163813.OF,0.22974445200217689
556,163810.OF,0.8099601800966947
557,163809.OF,0.8098993852200878
558,163808.OF,0.9727789418001682
559,163807.OF,0.7759482346702357
560,163805.OF,0.8473412672959697
561,163804.OF,0.8371170517884305
562,163803.OF,0.8776192721874286
563,163411.OF,0.5824149791846507
564,163406.OF,0.858191429496411
565,163109.OF,0.9271819506334391
566,162907.OF,0.8773411511968078
567,162714.OF,0.9475295065445813
568,162509.OF,0.9777820329278779
569,162214.OF,0.7643079731474609
570,162213.OF,0.9773716066316163
571,162212.OF,0.7801069705368658
572,162211.OF,0.7537862788973486
573,162209.OF,0.8042794754815222
574,162208.OF,0.8701854028759941
575,162205.OF,0.727475266496025
576,162204.OF,0.8562867945208233
577,162203.OF,0.8755310183056686
578,162202.OF,0.8226418874572867
579,162201.OF,0.7353341354938979
580,162107.OF,0.7976506064136053
581,162102.OF,0.8304635469866151
582,161819.OF,0.841382584222167
583,161816.OF,0.9855973983905186
584,161812.OF,0.9523197743355507
585,161718.OF,0.952668231117517
586,161620.OF,0.44030871084856976
587,161616.OF,0.6795151405667057
588,161613.OF,0.6915426511199219
589,161612.OF,0.9285395811871171
590,161611.OF,0.7947681684644616
591,161609.OF,0.8547182887533336
592,161606.OF,0.8701967919780406
593,161605.OF,0.8655185580999543
594,161604.OF,0.9636887659858577
595,161601.OF,0.8741895565101914
596,161211.OF,0.9095746220467205
597,161207.OF,0.9924145391251351
598,161022.OF,0.7064194264897912
599,160923.OF,0.7142215178470075
600,160808.OF,0.9018548878813948
601,160624.OF,0.8038290852375896
602,160620.OF,0.8325783552814721
603,160605.OF,0.8443739279618007
604,160603.OF,0.8719423118997413
605,160524.OF,0.34368742263162244
606,160521.OF,0.7109634308522239
607,160417.OF,0.9951537940066196
608,160219.OF,0.7880781628131548
609,160218.OF,0.8525282859603479
610,160213.OF,0.16492949569486048
611,160141.OF,0.06398513005286045
612,160127.OF,0.8522570942991908
613,160121.OF,0.4807683211996901
614,151001.OF,0.8541716599402064
615,150968.OF,0.8717656859156042
616,150103.OF,0.8181267770398225
617,121008.OF,0.8916092894931417
618,121006.OF,0.790881224687264
619,121005.OF,0.868939288626047
620,121003.OF,0.8746605544436553
621,121002.OF,0.8863427088676712
622,118002.OF,0.2748738577174883
623,118001.OF,0.5505872876844226
624,112002.OF,0.8914718209401967
625,110033.OF,0.6538015947802227
626,110032.OF,0.6538015947802227
627,110031.OF,0.650872702449667
628,110030.OF,0.9815730727035077
629,110029.OF,0.7551861378503153
630,110026.OF,0.7033066787084756
631,110025.OF,0.8155207907580777
632,110023.OF,0.6877261554736874
633,110022.OF,0.8290630848718449
634,110021.OF,0.9536201759691532
635,110020.OF,0.9937297013432571
636,110019.OF,0.9542624849677454
637,110015.OF,0.8069022116331621
638,110013.OF,0.7834464233449696
639,110012.OF,0.8064074611373038
640,110011.OF,0.8219042034092562
641,110010.OF,0.879023191277422
642,110009.OF,0.8629334234521936
643,110005.OF,0.8779533821373108
644,110003.OF,0.9557964275145355
645,110002.OF,0.8807438882891331
646,110001.OF,0.827524461669496
647,100061.OF,0.6443643659339858
648,100060.OF,0.771950550652623
649,100056.OF,0.6637871796859399
650,100055.OF,0.3473438207941116
651,100053.OF,0.9809346794842926
652,100039.OF,0.7914305642259329
653,100038.OF,0.9873744193983396
654,100032.OF,0.9607162461113311
655,100029.OF,0.8489119588642965
656,100026.OF,0.8674218844766056
657,100022.OF,0.877473614359328
658,100020.OF,0.8728805212108488
659,100016.OF,0.8298073704334437
660,096001.OF,0.1515378010709499
661,090019.OF,0.44069693968399837
662,090018.OF,0.8174427786820255
663,090016.OF,0.7780059625065249
664,090015.OF,0.7953227633862144
665,090012.OF,0.8283126051156758
666,090011.OF,0.9125702923062202
667,090010.OF,0.9553628258946221
668,090009.OF,0.8230282931623121
669,090007.OF,0.8876523916733563
670,090006.OF,0.8744471510806211
671,090004.OF,0.8900955237369953
672,090003.OF,0.9167523529286835
673,090001.OF,0.9208276989313343
674,080012.OF,0.7324121558503367
675,080008.OF,0.6454131283952412
676,080006.OF,0.5300352124955972
677,080005.OF,0.7987899421506793
678,080002.OF,0.8051184425200836
679,080001.OF,0.8790252430640795
680,070099.OF,0.8114109341866466
681,070032.OF,0.8403073856297979
682,070031.OF,0.19403807656237057
683,070030.OF,0.7473433902569793
684,070027.OF,0.9025687998367442
685,070023.OF,0.9567055940468912
686,070022.OF,0.7735222021796612
687,070021.OF,0.7566867531928071
688,070019.OF,0.8636441784990184
689,070018.OF,0.831143588566575
690,070017.OF,0.866098194076355
691,070013.OF,0.8126880718637762
692,070012.OF,0.602170954098095
693,070011.OF,0.8350978513385517
694,070010.OF,0.8102339736202121
695,070006.OF,0.8852173697091833
696,070003.OF,0.9097724046684005
697,070002.OF,0.8242659256172195
698,070001.OF,0.8284761615842479
699,050201.OF,0.9251346728548006
700,050026.OF,0.7148634539505695
701,050025.OF,0.17225922936703103
702,050024.OF,0.8486373048436567
703,050022.OF,0.6889429818915229
704,050021.OF,0.935958865442346
705,050020.OF,0.31650753351004424
706,050018.OF,0.7354556711994613
707,050015.OF,0.5987497975410345
708,050014.OF,0.7915563749350341
709,050013.OF,0.9460281581949862
710,050012.OF,0.8798951357755396
711,050010.OF,0.8916473350286868
712,050009.OF,0.8302582639802552
713,050008.OF,0.829862616729937
714,050007.OF,0.8038602319671796
715,050004.OF,0.9241806137732818
716,050002.OF,0.9948702956357818
717,050001.OF,0.9266311206025468
718,040190.OF,0.9673428760967644
719,040180.OF,0.9877264345827739
720,040048.OF,0.18704788280166984
721,040047.OF,0.18704788280166984
722,040046.OF,0.17723931979198349
723,040035.OF,0.7885572110067687
724,040025.OF,0.7875020504457957
725,040021.OF,0.6143731486442172
726,040020.OF,0.7605014042187674
727,040018.OF,0.6346975549424138
728,040016.OF,0.8689115686413025
729,040015.OF,0.7729642494560699
730,040011.OF,0.9114156987921784
731,040008.OF,0.9054904726192226
732,040007.OF,0.8992459658234714
733,040005.OF,0.8965265549373047
734,040004.OF,0.8785751659574103
735,040002.OF,0.9843662221329741
736,040001.OF,0.8849670648287913
737,020026.OF,0.7978938066998675
738,020023.OF,0.7945046979777746
739,020022.OF,0.9541771208964148
740,020021.OF,0.8830525376075701
741,020015.OF,0.7963888330150062
742,020011.OF,0.9897365302686196
743,020010.OF,0.9029519825846205
744,020009.OF,0.9556403340675371
745,020005.OF,0.9192345739559822
746,020003.OF,0.8404793641312507
747,020001.OF,0.8497831673840464
748,005693.OF,0.7006183994520995
749,005692.OF,0.8943110996609093
750,005676.OF,0.41326567055051505
751,005675.OF,0.7607449184047688
752,005658.OF,0.9988532826752253
753,005632.OF,0.9486189182003238
754,005621.OF,0.78138371622322
755,005620.OF,0.7815821376431018
756,005612.OF,0.916457487556285
757,005568.OF,0.9894025366882615
758,005567.OF,0.9894325145454888
759,005566.OF,0.8193279602956702
760,005565.OF,0.8192996237185113
761,005564.OF,0.9802358458244518
762,005563.OF,0.9801696746786227
763,005558.OF,0.5842565317846687
764,005557.OF,0.5562082444089413
765,005555.OF,0.758632352712147
766,005554.OF,0.7587567547908101
767,005553.OF,-0.2896183517755835
768,005552.OF,-0.28460463570133876
769,005551.OF,0.9191871620481648
770,005550.OF,0.918938334536163
771,005549.OF,0.34815481730356734
772,005545.OF,0.747997330600803
773,005526.OF,0.908849313307903
774,005522.OF,0.7014768839538648
775,005521.OF,0.9329510755968925
776,005504.OF,0.7943401364248861
777,005502.OF,0.9272536023536807
778,005496.OF,0.7306627697935578
779,005495.OF,0.7308500258434707
780,005494.OF,0.8518815324116168
781,005493.OF,0.8515693461734539
782,005492.OF,0.8172217538500683
783,005487.OF,0.9478485187149841
784,005486.OF,0.9479847941768784
785,005483.OF,0.7927463243086817
786,005482.OF,0.7925826968475009
787,005481.OF,0.8810351027571444
788,005478.OF,0.7531013839367752
789,005477.OF,0.7528856704878245
790,005475.OF,0.9179342721752564
791,005474.OF,0.918274216351654
792,005464.OF,0.43115392656643114
793,005463.OF,0.43149996395530876
794,005460.OF,0.865338671714594
795,005459.OF,0.8653611433237036
796,005457.OF,0.8423686370800542
797,005454.OF,0.6777532155766194
798,005453.OF,0.6778740986491746
799,005450.OF,0.8929685094250684
800,005447.OF,0.8737863716792618
801,005445.OF,0.934541382384997
802,005443.OF,0.9123842361204153
803,005438.OF,0.927086583125945
804,005437.OF,0.9271561554357707
805,005430.OF,0.6813755359918567
806,005429.OF,0.6805180842512186
807,005421.OF,0.8602986871205289
808,005418.OF,0.8572758575867833
809,005415.OF,0.9402151169391902
810,005414.OF,0.9401725728142394
811,005409.OF,0.8618640648018514
812,005406.OF,0.8799425349020236
813,005405.OF,0.9281588614962768
814,005403.OF,0.7615356877422741
815,005402.OF,0.8094183605649372
816,005401.OF,0.9096845433985425
817,005400.OF,0.9097023791918065
818,005397.OF,0.9141592488690735
819,005396.OF,0.8525734320755566
820,005387.OF,0.44024063571585
821,005386.OF,0.4407587314738615
822,005382.OF,0.8519047009504035
823,005381.OF,0.8518627151308547
824,005379.OF,0.7312977301352369
825,005360.OF,0.5391177091703089
826,005359.OF,0.9195143842303661
827,005358.OF,0.919417309826628
828,005357.OF,0.684903790955219
829,005354.OF,0.7875143836912935
830,005353.OF,0.9136048677212352
831,005352.OF,0.9134498740004153
832,005351.OF,0.883626276609195
833,005344.OF,0.8442724663473636
834,005343.OF,0.8442208361153358
835,005342.OF,0.7811577217845911
836,005341.OF,0.7808201869217083
837,005335.OF,0.8461439042351873
838,005330.OF,0.6621190475744049
839,005329.OF,0.6629761267010638
840,005328.OF,0.8032976742858006
841,005326.OF,0.9474685849507127
842,005325.OF,0.9475327166263608
843,005324.OF,0.6604236756049718
844,005323.OF,0.6607823901689999
845,005318.OF,0.7998882678573115
846,005317.OF,0.7207255344291609
847,005314.OF,0.6470307246831862
848,005313.OF,0.6470061915777738
849,005312.OF,0.5681706062302565
850,005311.OF,0.5678955923215591
851,005310.OF,0.7566141096857505
852,005304.OF,0.7068059053849168
853,005303.OF,0.7066386484248869
854,005302.OF,0.5493504417781874
855,005301.OF,0.5496271826591278
856,005300.OF,0.7701979121185433
857,005299.OF,0.7701255471265138
858,005297.OF,0.8362988073149301
859,005296.OF,0.8345056677161647
860,005295.OF,0.9288454617112948
861,005294.OF,0.6942574477203894
862,005293.OF,0.8207386173900106
863,005292.OF,0.35461763479653907
864,005291.OF,0.35655917643796153
865,005290.OF,0.8229616369214656
866,005281.OF,0.6258886730218747
867,005280.OF,-0.0693001677206568
868,005279.OF,0.9323496870308532
869,005270.OF,0.7975800380158128
870,005269.OF,0.7393498084314547
871,005268.OF,0.8465793501263951
872,005267.OF,0.8915199892357856
873,005266.OF,0.7602393024410052
874,005265.OF,0.760341034924137
875,005263.OF,0.744102006328695
876,005262.OF,0.7443554052638778
877,005261.OF,0.8862745436396123
878,005260.OF,0.8864081464552707
879,005259.OF,0.8769485021353194
880,005258.OF,0.9587073989271001
881,005255.OF,0.7633159714191535
882,005252.OF,0.2704854826553932
883,005251.OF,0.8770629516370878
884,005250.OF,0.8731564297795015
885,005247.OF,0.8789897728906019
886,005245.OF,0.8882875224301922
887,005244.OF,0.8882775734067555
888,005242.OF,0.8798967045091252
889,005241.OF,0.8799594734455247
890,005240.OF,0.7983651263281777
891,005239.OF,0.7987038757789529
892,005238.OF,0.7289602055030432
893,005237.OF,0.7289365661866541
894,005236.OF,0.8027422232692629
895,005235.OF,0.8025112113362095
896,005233.OF,0.7944197924080629
897,005232.OF,0.8878352085707677
898,005231.OF,0.8878595637339538
899,005229.OF,0.9576924527081361
900,005228.OF,0.7555554788236856
901,005226.OF,0.7592018525146635
902,005224.OF,0.8377859189599357
903,005223.OF,0.838136421412342
904,005222.OF,0.8955208080791566
905,005221.OF,0.8957229009185049
906,005220.OF,0.9630951811236087
907,005219.OF,0.8567963632141723
908,005218.OF,0.8568934480241487
909,005217.OF,0.9151307524624377
910,005216.OF,0.8937771681095181
911,005215.OF,0.8939164306192054
912,005211.OF,0.846477767014914
913,005210.OF,0.8191543019312207
914,005209.OF,0.8190039488457048
915,005207.OF,0.8521779643624645
916,005206.OF,0.9112098183438236
917,005198.OF,0.8267555204589389
918,005197.OF,0.8197924035095858
919,005189.OF,0.9291464136208141
920,005188.OF,0.9269775522196703
921,005187.OF,0.8693827677213287
922,005186.OF,0.8694821890999589
923,005178.OF,0.6168397850544606
924,005177.OF,0.6172099326993732
925,005176.OF,0.6557997489034848
926,005175.OF,0.8787670775878762
927,005170.OF,0.6543336652293837
928,005169.OF,0.65480659635871
929,005167.OF,0.8283136880299845
930,005166.OF,0.8106810575194685
931,005161.OF,0.8594791759727717
932,005157.OF,0.879244268187154
933,005156.OF,0.879162719228516
934,005146.OF,0.624487286852374
935,005143.OF,0.8287582539677031
936,005142.OF,0.8286324621385118
937,005141.OF,0.6723678215828495
938,005140.OF,0.6722694607852111
939,005136.OF,0.840557706737775
940,005133.OF,0.8683185021470056
941,005128.OF,0.8149444259342329
942,005126.OF,0.9337546124820613
943,005125.OF,0.9113409302394319
944,005123.OF,0.8051884041444518
945,005120.OF,0.9439224482635327
946,005119.OF,0.8531208645846422
947,005118.OF,0.7275605877182596
948,005117.OF,0.7272591888137611
949,005114.OF,0.983355306661682
950,005113.OF,0.9834329890190939
951,005112.OF,0.7067196237695232
952,005111.OF,0.9126774322199489
953,005110.OF,0.9742723217234471
954,005109.OF,0.9743674765462871
955,005108.OF,0.5891412605782895
956,005106.OF,0.756787067810983
957,005105.OF,0.8901912778015892
958,005104.OF,0.8964279341757827
959,005094.OF,0.7927110900086036
960,005089.OF,0.7652003100437003
961,005088.OF,0.7644917951085063
962,005085.OF,0.8963534687977065
963,005084.OF,0.8961382578927164
964,005083.OF,0.9198294056673771
965,005082.OF,0.9198204210735551
966,005076.OF,0.704981036807744
967,005075.OF,0.893536949158143
968,005067.OF,0.88286901143211
969,005064.OF,0.8934453812326044
970,005063.OF,0.8934200593740903
971,005062.OF,0.8754755150081952
972,005061.OF,0.3197646741266644
973,005059.OF,0.9186543731504433
974,005055.OF,0.8989166627845523
975,005053.OF,0.9558332580325588
976,005052.OF,0.7428968591393912
977,005051.OF,0.7432820312900814
978,005050.OF,0.8090765805225897
979,005049.OF,0.8086920790874469
980,005044.OF,0.7596140803384589
981,005043.OF,0.7595279989510209
982,005042.OF,0.8636747100107552
983,005041.OF,0.8635944545428196
984,005040.OF,0.9226359804670631
985,005039.OF,0.9224270214684985
986,005038.OF,0.8211383822310435
987,005037.OF,0.8210260252593411
988,005036.OF,0.7710818623862523
989,005035.OF,0.7714686848112817
990,005034.OF,0.8486222862958896
991,005033.OF,0.8485236641465957
992,005028.OF,0.8468150196301336
993,005027.OF,0.3198516043430282
994,005018.OF,0.33462915777070434
995,005015.OF,0.8462445397746804
996,005014.OF,0.8475286467087635
997,005009.OF,0.8648880942826424
998,005007.OF,0.7935934736601851
999,005006.OF,0.9203452267355284
1000,005005.OF,0.9204190855721122
1001,005004.OF,0.8668519630910847
1002,005001.OF,0.8092522333593696
1003,005000.OF,0.9126708508242846
1004,004997.OF,0.8374520126583628
1005,004996.OF,0.8026988026152914
1006,004995.OF,0.8353012390176627
1007,004989.OF,0.6410717728328271
1008,004988.OF,0.6417878175846702
1009,004987.OF,0.541501560313516
1010,004986.OF,0.8149408631917936
1011,004975.OF,0.7472719147819371
1012,004966.OF,0.8333080656399874
1013,004965.OF,0.8333923242665146
1014,004959.OF,0.9325681536949509
1015,004958.OF,0.9282875337813978
1016,004951.OF,0.9875895869270865
1017,004948.OF,0.8397460404423793
1018,004947.OF,0.7142486068853069
1019,004946.OF,0.7142899683440126
1020,004945.OF,0.8488146790174851
1021,004944.OF,0.8399661350225524
1022,004943.OF,0.6837906018451849
1023,004942.OF,0.6837407104086924
1024,004937.OF,0.829896120127058
1025,004936.OF,0.8294774766606868
1026,004935.OF,0.8112205763289794
1027,004933.OF,0.7398384638866597
1028,004932.OF,0.7396963843565583
1029,004927.OF,0.8315361924887419
1030,004926.OF,0.8312009114869497
1031,004925.OF,0.8677141592192809
1032,004918.OF,0.8286599250103995
1033,004917.OF,0.8285638314088771
1034,004916.OF,0.7453442656844578
1035,004914.OF,0.7347809546445779
1036,004913.OF,0.7352570067390862
1037,004905.OF,0.6931278547770908
1038,004901.OF,0.6789647126893138
1039,004900.OF,0.6784281593504244
1040,004895.OF,0.8085273459829208
1041,004890.OF,0.7185291476916438
1042,004889.OF,0.6799401202417382
1043,004888.OF,0.6792275582103955
1044,004881.OF,0.9248024092562732
1045,004879.OF,0.631434477514051
1046,004878.OF,0.631434477514051
1047,004877.OF,0.6231247871958213
1048,004876.OF,0.958659518128153
1049,004875.OF,0.9271130375999199
1050,004874.OF,0.9822145176460113
1051,004871.OF,0.9167540931593283
1052,004870.OF,0.7914788287476701
1053,004868.OF,0.8489911129829306
1054,004858.OF,0.9220988741630668
1055,004857.OF,0.8074827300834349
1056,004856.OF,0.8075320164967971
1057,004855.OF,0.792978952885621
1058,004854.OF,0.7931238336630256
1059,004853.OF,0.5090898628677506
1060,004852.OF,0.5098093609939569
1061,004851.OF,0.6587076942250103
1062,004848.OF,0.3387530054397551
1063,004846.OF,0.8367977207918257
1064,004845.OF,0.8364796144860777
1065,004829.OF,0.8411294316174001
1066,004819.OF,0.8618347952850818
1067,004818.OF,0.8617010056634924
1068,004813.OF,0.8152387024352589
1069,004812.OF,0.8149665615411414
1070,004806.OF,0.4178354630207492
1071,004795.OF,0.4097399045782656
1072,004794.OF,0.4080973579505637
1073,004791.OF,0.7864871079279752
1074,004790.OF,0.7863955941393298
1075,004789.OF,0.8335629844624224
1076,004788.OF,0.8334143450000345
1077,004784.OF,0.8266224431701638
1078,004783.OF,0.9263340098970194
1079,004777.OF,0.7958267492478188
1080,004775.OF,0.7462438850049606
1081,004774.OF,0.7041117708992506
1082,004773.OF,0.2621691138631175
1083,004772.OF,0.2626455679280897
1084,004769.OF,0.9490442191062411
1085,004764.OF,0.5941934810994131
1086,004763.OF,0.5959312538249542
1087,004761.OF,0.8885096650004237
1088,004760.OF,0.8891388938487091
1089,004757.OF,0.8033127313952112
1090,004756.OF,0.8038138200534288
1091,004753.OF,0.8070493440067307
1092,004752.OF,0.8070947685221439
1093,004751.OF,0.47214883575787764
1094,004750.OF,0.4777590806404758
1095,004748.OF,0.7348674071164139
1096,004747.OF,0.6885145499248356
1097,004746.OF,0.9305554157664178
1098,004745.OF,0.7544425944421717
1099,004744.OF,0.7869204339984501
1100,004743.OF,0.946881791113759
1101,004742.OF,0.9588276289529948
1102,004741.OF,0.8849406692390106
1103,004740.OF,0.8627091111320783
1104,004739.OF,0.8413208347482177
1105,004738.OF,0.8411753343099005
1106,004737.OF,0.6887904469439793
1107,004735.OF,0.7379627072061198
1108,004734.OF,0.7376882387978739
1109,004732.OF,0.7375059730634401
1110,004731.OF,0.7373415938203823
1111,004730.OF,0.9489606753424686
1112,004727.OF,0.6902739964878664
1113,004726.OF,0.6976926452327425
1114,004725.OF,0.8585018828096662
1115,004724.OF,0.8566673575229055
1116,004721.OF,0.9177522735532647
1117,004720.OF,0.9176286016587973
1118,004719.OF,0.9384702715440227
1119,004716.OF,0.9829625251518829
1120,004710.OF,0.6153383970862291
1121,004707.OF,0.9382277007834845
1122,004703.OF,0.8319736793514075
1123,004702.OF,0.9130954996382624
1124,004698.OF,0.6944211379325319
1125,004696.OF,0.7855873264943593
1126,004694.OF,0.7344649322947086
1127,004693.OF,0.7851124822704239
1128,004688.OF,0.6879647876290506
1129,004687.OF,0.687517658232909
1130,004686.OF,0.9782356438850479
1131,004685.OF,0.5151530846351352
1132,004683.OF,0.7020914544649193
1133,004680.OF,0.5549465149428099
1134,004677.OF,0.8173412166372188
1135,004676.OF,0.7082608261331136
1136,004675.OF,0.8141850022365795
1137,004674.OF,0.7971519335345815
1138,004671.OF,0.7603081739415226
1139,004669.OF,0.9644245044675471
1140,004668.OF,0.9643215259755616
1141,004666.OF,0.7047234431415392
1142,004653.OF,0.9363449067314825
1143,004652.OF,0.9437670110814269
1144,004649.OF,0.7799650711073317
1145,004648.OF,0.9104162266195125
1146,004643.OF,0.827723181504186
1147,004642.OF,0.8276833464757497
1148,004641.OF,0.8977141397176003
1149,004640.OF,0.8180390078204322
1150,004636.OF,0.7350208543601178
1151,004635.OF,0.82735284482089
1152,004634.OF,0.6965997748759504
1153,004618.OF,0.9429526948336497
1154,004617.OF,0.9428212643430973
1155,004616.OF,0.6605753085784379
1156,004609.OF,0.6739217677501927
1157,004608.OF,0.6798853733073426
1158,004607.OF,0.139345659237447
1159,004606.OF,0.9401215807572939
1160,004605.OF,0.809010307495754
1161,004604.OF,0.8094763918818657
1162,004598.OF,0.7994890272758319
1163,004597.OF,0.7994043697274055
1164,004593.OF,0.8676109017588478
1165,004576.OF,0.8769157424208074
1166,004573.OF,0.7998323666943246
1167,004569.OF,0.85335766295944
1168,004561.OF,0.5403290858088228
1169,004560.OF,0.4551147551447634
1170,004559.OF,0.5599711791684444
1171,004558.OF,0.5643421860085532
1172,004549.OF,0.9208876132712066
1173,004536.OF,0.8084384548127044
1174,004535.OF,0.6802500908868867
1175,004534.OF,0.6791879645316306
1176,004533.OF,0.7168570550453331
1177,004532.OF,0.7166834195363062
1178,004522.OF,0.85608342073423
1179,004521.OF,0.8559467959834164
1180,004517.OF,0.8107154300706584
1181,004513.OF,0.7127216558515557
1182,004512.OF,0.6991442258880634
1183,004510.OF,0.8118358740246487
1184,004505.OF,0.8207827516147328
1185,004497.OF,0.6834279752730062
1186,004496.OF,0.6835826791336974
1187,004495.OF,0.81995879708956
1188,004488.OF,0.9484168262983688
1189,004485.OF,0.984371224013685
1190,004484.OF,0.9844487995838906
1191,004481.OF,0.8629958056082582
1192,004480.OF,0.7798763019981005
1193,004477.OF,0.8822971132109546
1194,004476.OF,0.8210333094567894
1195,004475.OF,0.8873878776756378
1196,004468.OF,0.7456711298977091
1197,004466.OF,0.3014586936268775
1198,004460.OF,0.2834530005123189
1199,004457.OF,0.2930287634800327
1200,004456.OF,0.7403067271435003
1201,004455.OF,0.9023680459227081
1202,004454.OF,0.466037565072169
1203,004453.OF,0.4614767291943764
1204,004452.OF,0.722736986260648
1205,004451.OF,0.7225341411412888
1206,004450.OF,0.7974740973706319
1207,004448.OF,0.5768465904537867
1208,004447.OF,0.589090410627901
1209,004446.OF,0.5880140410831528
1210,004442.OF,0.9026244736976856
1211,004437.OF,0.6452409699986982
1212,004436.OF,0.6445608792847154
1213,004435.OF,0.7868219348882487
1214,004434.OF,0.7869073285558278
1215,004433.OF,0.7275299888394393
1216,004432.OF,0.7276071193254285
1217,004423.OF,0.7808858202169681
1218,004416.OF,0.9635062577458567
1219,004413.OF,0.6443082209730137
1220,004410.OF,0.9614167743845551
1221,004409.OF,0.8225820012744582
1222,004408.OF,0.9610133409229796
1223,004407.OF,0.8842799036819188
1224,004406.OF,0.8776193404686952
1225,004405.OF,0.877964525114044
1226,004404.OF,0.8846246609718464
1227,004403.OF,0.8845440629711788
1228,004397.OF,0.6530630969163725
1229,004394.OF,0.8023115371240161
1230,004393.OF,0.9345817094693554
1231,004391.OF,0.8446907647923392
1232,004390.OF,0.8442200937848209
1233,004375.OF,0.7944101873344196
1234,004374.OF,0.7942111639183566
1235,004362.OF,0.8052363146576902
1236,004361.OF,0.8047701305867999
1237,004360.OF,0.9859834259086229
1238,004359.OF,0.9861154958121598
1239,004357.OF,0.8388428206514177
1240,004355.OF,0.8534909807507687
1241,004354.OF,0.8732513065885528
1242,004353.OF,0.6712126581409844
1243,004352.OF,0.8924113936618889
1244,004351.OF,0.8825005480657118
1245,004348.OF,0.8426437359747224
1246,004347.OF,0.6979499767903882
1247,004346.OF,0.9514687504218237
1248,004345.OF,0.9204559003213845
1249,004344.OF,0.8473876998998342
1250,004343.OF,0.7823162095333283
1251,004342.OF,0.9986072357954437
1252,004341.OF,0.797373140788732
1253,004340.OF,0.8247778904431519
1254,004335.OF,0.9273740181217078
1255,004332.OF,0.8639817694038344
1256,004321.OF,0.8473030200610291
1257,004320.OF,0.7632308312064945
1258,004317.OF,0.7664848811811531
1259,004316.OF,0.7663382961634037
1260,004315.OF,0.6273156742849207
1261,004314.OF,0.6306066155313899
1262,004302.OF,0.7541737395482594
1263,004301.OF,0.752960794022682
1264,004292.OF,0.8006900433926986
1265,004284.OF,0.6452298960643822
1266,004283.OF,0.3524064668521185
1267,004280.OF,0.6573498657894546
1268,004279.OF,0.6574868276422079
1269,004278.OF,0.4556417584597855
1270,004277.OF,0.41746588479741326
1271,004276.OF,0.41709932040410713
1272,004273.OF,0.8166297703119025
1273,004272.OF,0.8166448047360118
1274,004271.OF,0.6686112834282314
1275,004270.OF,0.6679345076053644
1276,004266.OF,0.8191972633493594
1277,004265.OF,0.5503490543020234
1278,004263.OF,0.8411807743786907
1279,004260.OF,0.8227757970433002
1280,004259.OF,0.8387316055536214
1281,004258.OF,0.8388214126434294
1282,004252.OF,0.8650542071757464
1283,004250.OF,0.8729134083821118
1284,004249.OF,0.9254928087029343
1285,004244.OF,0.8240554039612616
1286,004243.OF,0.2387985021532352
1287,004241.OF,0.84247756813118
1288,004237.OF,0.8609601571000326
1289,004236.OF,0.8845111172031919
1290,004235.OF,0.7136269985960786
1291,004234.OF,0.8723453087870732
1292,004233.OF,0.8376318567320917
1293,004232.OF,0.9465626660595
1294,004231.OF,0.8755751823380116
1295,004228.OF,0.6339851398118465
1296,004227.OF,0.6375218092416082
1297,004226.OF,0.61851538797036
1298,004225.OF,0.6179215451021091
1299,004224.OF,0.6345056507862153
1300,004223.OF,0.3336949162564471
1301,004221.OF,0.8670644396002796
1302,004219.OF,-0.02535001619402282
1303,004218.OF,0.5202992711338753
1304,004212.OF,0.9179159025699813
1305,004211.OF,0.6920388477305297
1306,004209.OF,0.8340804634119531
1307,004206.OF,0.7299566059929412
1308,004205.OF,0.7838856109253214
1309,004202.OF,0.6980408098863015
1310,004195.OF,0.794539556072208
1311,004194.OF,0.7954490676145528
1312,004193.OF,0.8516168417613172
1313,004192.OF,0.8517319653925164
1314,004191.OF,0.9859925216709508
1315,004190.OF,0.9859448920697536
1316,004189.OF,0.7945924802060749
1317,004183.OF,0.841128802991946
1318,004182.OF,0.7459091987023465
1319,004176.OF,0.8413839398815609
1320,004175.OF,0.8393878563562919
1321,004172.OF,-0.1317310057120729
1322,004171.OF,-0.12985616863762303
1323,004166.OF,0.7302459288586324
1324,004158.OF,0.5233995960881582
1325,004157.OF,0.5535520658874179
1326,004154.OF,0.8600236576652658
1327,004153.OF,0.8576337622841906
1328,004150.OF,0.5766497735491222
1329,004149.OF,0.5776286619535899
1330,004148.OF,0.9105764267571127
1331,004145.OF,0.5305520210105649
1332,004144.OF,0.5436233764659283
1333,004143.OF,0.8425211097197416
1334,004142.OF,0.8427790163347486
1335,004139.OF,0.6915073214282416
1336,004138.OF,0.9069329447699184
1337,004135.OF,0.8502566218641311
1338,004132.OF,0.34987101547949245
1339,004131.OF,0.34659275427412656
1340,004130.OF,0.9541736763622256
1341,004129.OF,0.9537692916624312
1342,004128.OF,0.5635766637076728
1343,004119.OF,0.8633230575597929
1344,004112.OF,0.8308944336956747
1345,004100.OF,0.5100314250785773
1346,004099.OF,0.6499551814525842
1347,004098.OF,0.7435823622238253
1348,004092.OF,0.768354361527767
1349,004091.OF,0.7686563273335147
1350,004084.OF,0.8113391218448278
1351,004083.OF,0.8310199189311389
1352,004082.OF,0.37142088461626904
1353,004081.OF,0.3670901766733533
1354,004076.OF,0.8548502028074872
1355,004075.OF,0.7273740825240724
1356,004070.OF,0.8073149396533396
1357,004069.OF,0.8072916112155111
1359,004050.OF,0.862634314426163
1361,004048.OF,0.7432291893049029
1362,004047.OF,0.6562792596406807
1363,004046.OF,0.7067903797038321
1364,004044.OF,0.7116354950573403
1365,004041.OF,0.668095864685188
1366,004040.OF,0.6689215699493358
1367,004011.OF,0.5801101196866019
1368,004010.OF,0.6073256168907586
1369,004009.OF,0.6039206756904354
1370,004008.OF,0.6038936063807274
1371,004006.OF,0.5898047017648441
1372,004005.OF,0.5905638418355579
1373,004000.OF,0.8950632996946877
1374,003993.OF,0.8004718133490436
1375,003986.OF,0.8716176937028411
1376,003985.OF,0.741961753763419
1377,003984.OF,0.7419345040741082
1378,003981.OF,0.3999532880508471
1379,003980.OF,0.3996564202282228
1380,003967.OF,0.7889477541470717
1381,003966.OF,0.7890838048756327
1382,003962.OF,0.8282343631456491
1383,003961.OF,0.828500240302038
1384,003958.OF,0.973290308797814
1385,003957.OF,0.9734096102574724
1386,003956.OF,0.7193276016617646
1387,003955.OF,0.42767816718608404
1388,003951.OF,0.8683194567542808
1389,003950.OF,0.8654964807886114
1390,003940.OF,0.8544560077780065
1391,003939.OF,0.5594545659075028
1392,003938.OF,0.5581955043359894
1393,003913.OF,0.7520932947493422
1394,003912.OF,0.7514003323378813
1395,003900.OF,0.6225354607738401
1396,003890.OF,0.8230132024000745
1397,003889.OF,0.8263230424453465
1398,003887.OF,0.6957802659891599
1399,003886.OF,0.6906769493658446
1400,003885.OF,0.8446330919733116
1401,003884.OF,0.836329769514892
1402,003883.OF,0.8721367350127834
1403,003882.OF,0.872285228652748
1404,003878.OF,0.7235455596214656
1405,003877.OF,0.7233856532532479
1406,003876.OF,0.9805052088613784
1407,003865.OF,0.7760715642530597
1408,003862.OF,0.48932118942307773
1409,003861.OF,0.48574997662537833
1410,003858.OF,0.8289046057251854
1411,003857.OF,0.8291736661686578
1412,003855.OF,0.552680389585602
1413,003854.OF,0.5529030001164864
1414,003853.OF,0.6255815809542994
1415,003851.OF,0.7642758977997158
1416,003850.OF,0.7651212952150873
1417,003849.OF,0.7932463380119621
1418,003848.OF,0.7976565807456851
1419,003846.OF,0.5891096283002402
1420,003845.OF,0.5902514443578039
1421,003843.OF,0.6126865136545082
1422,003842.OF,0.6120329252214762
1423,003840.OF,0.8358696489369464
1424,003839.OF,0.836318095811235
1425,003835.OF,0.7614012473796665
1426,003834.OF,0.7269091704860183
1427,003831.OF,0.9418138876835392
1428,003828.OF,0.7691077916959481
1429,003813.OF,0.5956608428318655
1430,003806.OF,0.735118988290076
1431,003805.OF,0.736096080390895
1432,003804.OF,0.9707520060930442
1433,003803.OF,0.9703857651351505
1434,003800.OF,0.33945036728593597
1435,003799.OF,0.3406486469387545
1436,003798.OF,0.8424114423000016
1437,003797.OF,0.8412263511138979
1438,003780.OF,0.8169247933976251
1439,003769.OF,0.8218862798755895
1440,003766.OF,0.785090614439655
1441,003765.OF,0.7851908035724832
1442,003763.OF,0.6787960313268894
1443,003762.OF,0.6608228574685704
1444,003761.OF,0.5969448786597402
1445,003760.OF,0.5972749512403163
1446,003755.OF,0.8520705301782896
1447,003754.OF,0.8519780728762895
1448,003751.OF,0.780547638035822
1449,003750.OF,0.39681998257278034
1450,003749.OF,0.3825096274959811
1451,003745.OF,0.7701809822880126
1452,003739.OF,0.6888143521124084
1453,003735.OF,0.22834152363842028
1454,003734.OF,0.22876521086776733
1455,003722.OF,0.232974729957675
1456,003721.OF,0.22572291978879958
1457,003720.OF,0.15274254200274676
1458,003719.OF,0.16462408410405063
1459,003718.OF,0.22864352288495124
1460,003717.OF,0.8026001638103453
1461,003715.OF,0.8314300881455261
1462,003714.OF,0.8970062742838997
1463,003713.OF,0.8991032574334176
1464,003704.OF,0.6405315348325248
1465,003702.OF,0.8954158766112058
1466,003697.OF,0.5359298125493607
1467,003693.OF,0.7339809888374998
1468,003692.OF,0.7320314184200377
1469,003685.OF,0.31273975484510974
1470,003684.OF,0.3200785211897205
1471,003670.OF,0.707773715955992
1472,003663.OF,0.4806407542822779
1473,003659.OF,0.7840296016773532
1474,003658.OF,0.8785323089258106
1475,003655.OF,0.9167373305999604
1476,003647.OF,0.7837233983639392
1477,003646.OF,0.7836405982293851
1478,003642.OF,0.8322930453326609
1479,003641.OF,0.8204642016461899
1480,003634.OF,0.6916633328277849
1481,003631.OF,0.4367644270076253
1482,003630.OF,0.4367644270076253
1483,003629.OF,0.43001162029936857
1484,003626.OF,0.2049509058704177
1485,003625.OF,0.7070591964460609
1486,003624.OF,0.7074499069554623
1487,003611.OF,0.5054164176639315
1488,003610.OF,0.5057737568884527
1489,003604.OF,0.6886369216640793
1490,003603.OF,0.6877440282363257
1491,003602.OF,0.5365357824522805
1492,003601.OF,0.5425368405193046
1493,003598.OF,0.5893797463373307
1494,003595.OF,0.28896332736483904
1495,003594.OF,0.27977346126492403
1496,003593.OF,0.8689750312633727
1497,003592.OF,0.8085296795411944
1498,003591.OF,0.8090338100451184
1499,003587.OF,0.833394304549544
1500,003586.OF,0.8334818278861126
1501,003582.OF,0.8929905791183902
1502,003581.OF,0.6954743208618014
1503,003580.OF,0.8434738692601066
1504,003579.OF,0.9784960441758276
1505,003578.OF,0.8337470436388899
1506,003567.OF,0.8789859678966861
1507,003562.OF,0.7139545232261614
1508,003561.OF,0.7139514521118853
1509,003554.OF,0.9186815201965429
1510,003550.OF,0.9350564264888215
1511,003548.OF,0.983205978100282
1512,003516.OF,0.7327434354002069
1513,003513.OF,0.6986605790764141
1514,003512.OF,0.6719231505937755
1515,003509.OF,0.2957747939825595
1516,003508.OF,0.2917489446099944
1517,003503.OF,0.06051642905378647
1518,003502.OF,0.0665347048338268
1519,003501.OF,0.8973894723479193
1520,003496.OF,0.7504760221283598
1521,003495.OF,0.7508230976401278
1522,003494.OF,0.8877915122385054
1523,003493.OF,0.6794423171388877
1524,003492.OF,0.8665138943345962
1525,003485.OF,0.6012053254664258
1526,003484.OF,0.6004325980486261
1527,003476.OF,0.8672578449280399
1528,003475.OF,0.9782037062221715
1529,003456.OF,0.9192129433088404
1530,003447.OF,0.8272810270588833
1531,003446.OF,0.8255458493696948
1532,003435.OF,0.7937640002944548
1533,003434.OF,0.7835518274959946
1534,003433.OF,0.8743777813793595
1535,003432.OF,0.8743139201119916
1536,003416.OF,0.8817726627708204
1537,003415.OF,0.7434542259754917
1538,003414.OF,0.7427311158207707
1539,003413.OF,0.7712357707498724
1540,003412.OF,0.41271052918142703
1541,003411.OF,0.4946750166174936
1542,003397.OF,0.7576245172488062
1543,003396.OF,0.9138017210522759
1544,003380.OF,0.7966971989562196
1545,003379.OF,0.7997977723311429
1546,003378.OF,0.9373633664119342
1547,003374.OF,0.5244670881604263
1548,003373.OF,0.5238650021612661
1549,003368.OF,0.6104775969504602
1550,003367.OF,0.609741655219285
1551,003366.OF,0.7849913399912422
1552,003362.OF,0.47491421431796216
1553,003359.OF,0.7050923757080592
1554,003352.OF,0.8282890046829422
1555,003351.OF,0.8281413147817213
1556,003346.OF,0.8472898427482586
1557,003345.OF,0.849535332074903
1558,003344.OF,0.675936686277067
1559,003343.OF,0.6734877577131855
1560,003333.OF,0.7888030163032604
1561,003332.OF,0.5894419794769694
1562,003331.OF,0.34277322711715996
1563,003320.OF,0.6387471115318848
1564,003319.OF,0.6390666199083423
1565,003318.OF,0.8262397625553758
1566,003312.OF,0.8454860778583223
1567,003308.OF,0.8215281762169134
1568,003305.OF,0.5300372640561404
1569,003304.OF,0.5292014474127845
1570,003300.OF,0.7429455562724283
1571,003299.OF,0.8498622433483912
1572,003298.OF,0.8489620484578776
1573,003295.OF,0.8733327362035723
1574,003293.OF,0.9417216669105288
1575,003292.OF,0.7304995794311533
1576,003291.OF,0.7581699108147045
1577,003284.OF,0.6330588850604089
1578,003283.OF,0.7709771798822663
1579,003282.OF,0.7729665330543966
1580,003279.OF,0.7104172459562698
1581,003245.OF,0.7157586521084529
1582,003244.OF,0.7157586521084529
1583,003243.OF,0.8453284539920844
1584,003242.OF,0.8438011327388483
1585,003241.OF,0.8439516333826128
1586,003238.OF,0.7593722657113464
1587,003235.OF,0.5986624978498934
1588,003234.OF,0.6258069393352618
1589,003233.OF,0.5718438585480877
1590,003232.OF,0.571597912816814
1591,003231.OF,0.4838950214143953
1592,003230.OF,0.4847415949626776
1593,003225.OF,0.721462097748829
1594,003224.OF,0.7213403840154987
1595,003208.OF,0.7803557499250583
1596,003194.OF,0.9105940354542242
1597,003191.OF,0.5725914512219241
1598,003190.OF,0.5737871737008337
1599,003189.OF,0.7341639656386514
1600,003187.OF,0.29927517021889927
1601,003186.OF,0.754005774965475
1603,003183.OF,0.326087943244119
1604,003182.OF,0.3286695440159935
1605,003175.OF,0.8780572974922232
1606,003170.OF,0.8508886016155255
1607,003169.OF,0.851131146931256
1608,003166.OF,0.8525452801253579
1609,003165.OF,0.8523819595387984
1610,003161.OF,0.8751457396766488
1611,003154.OF,0.7465815505929776
1612,003153.OF,0.7149271678355237
1613,003152.OF,0.7146506810476294
1614,003151.OF,0.3442728960757221
1615,003150.OF,0.34344011652629813
1616,003147.OF,0.8874549059252154
1617,003145.OF,0.7170161392030567
1618,003144.OF,0.8976432998985294
1619,003143.OF,0.489948693197658
1620,003142.OF,0.41487520658972366
1621,003132.OF,0.9243275967386256
1622,003131.OF,0.9184655765889289
1623,003127.OF,-0.112073581875498
1624,003126.OF,-0.10970456266296111
1625,003125.OF,0.6782926419308112
1626,003120.OF,0.8776799678274908
1627,003119.OF,0.8727572847638778
1628,003118.OF,0.46176640294390797
1629,003117.OF,0.47106367093464646
1630,003116.OF,0.24951699094109
1631,003115.OF,0.25129799639536693
1632,003106.OF,0.5187030281311095
1633,003105.OF,0.520815622777304
1634,003104.OF,0.7899018161842454
1635,003096.OF,0.6516430618964448
1636,003095.OF,0.6516110238163442
1637,003069.OF,0.8447909413716626
1638,003064.OF,0.35778149854749214
1639,003063.OF,0.6446395513516249
1640,003062.OF,0.6289781972761553
1641,003059.OF,0.2804602411974509
1642,003054.OF,0.727453920334513
1643,003053.OF,0.7275911865997114
1644,003045.OF,0.8470107049245437
1645,003044.OF,0.8465751660469683
1646,003033.OF,0.348932204813023
1647,003032.OF,0.6063401659001965
1648,003031.OF,0.761634982013164
1649,003030.OF,0.7437210447889677
1650,003029.OF,0.8663389293983658
1651,003028.OF,0.8672609095659439
1652,003027.OF,0.6514986412963621
1653,003026.OF,0.651539038941966
1654,003025.OF,0.7713831212260196
1655,003017.OF,0.6407897665138578
1656,003016.OF,0.8347838035277362
1657,003015.OF,0.9789560503664991
1658,003004.OF,0.3676583555109574
1659,003001.OF,0.7491874035239016
1660,003000.OF,0.7490122530926043
1661,002989.OF,0.8760687429379342
1662,002987.OF,0.9986296485182241
1663,002984.OF,0.7828214838660928
1664,002983.OF,0.6401036325138584
1665,002982.OF,0.8788500027600858
1666,002980.OF,0.7778571113796142
1667,002979.OF,0.9258734564953102
1668,002978.OF,0.7636728339326321
1669,002977.OF,0.9044169887273307
1670,002974.OF,0.7541647512195676
1671,002968.OF,0.8553423812219231
1672,002967.OF,0.9128554402394653
1673,002959.OF,0.7485803542934726
1674,002955.OF,0.842870982542251
1675,002952.OF,0.879258143085249
1676,002945.OF,0.7909918847213844
1677,002943.OF,0.76058612181358
1678,002939.OF,0.729731107970255
1679,002938.OF,0.7798942709428914
1680,002935.OF,0.46854900287987283
1681,002934.OF,0.46478269443145565
1682,002923.OF,0.5198278948394027
1683,002919.OF,0.7715602168580991
1684,002910.OF,0.7785763298782846
1685,002908.OF,0.4605998669207837
1686,002907.OF,0.8232905752244966
1687,002906.OF,0.8244133917417391
1688,002903.OF,0.839315159295106
1689,002900.OF,0.6953214354252351
1690,002893.OF,0.7206691863418447
1691,002892.OF,0.7206691863418447
1692,002891.OF,0.7138701952640568
1693,002885.OF,0.8866098913434212
1694,002872.OF,0.4016313413636007
1695,002871.OF,0.8368058909218533
1696,002863.OF,0.6360962742883849
1697,002862.OF,0.7502410229109997
1698,002861.OF,0.8807681151980251
1699,002860.OF,0.7392296040784231
1700,002851.OF,0.8113855998842404
1701,002850.OF,0.7246721864405895
1702,002849.OF,0.7527819321739938
1703,002846.OF,0.8916581239214371
1704,002845.OF,0.6870749545991517
1705,002844.OF,0.6980476365268895
1707,002838.OF,0.6781781243581041
1708,002837.OF,0.9340216082890647
1709,002834.OF,0.6698310067724218
1710,002833.OF,0.9462195228393226
1711,002824.OF,0.8068562145696007
1712,002823.OF,0.8117510905245616
1713,002820.OF,0.7063859373536798
1714,002819.OF,0.7082144913522501
1715,002814.OF,0.7545533914851399
1716,002813.OF,0.757850327378182
1717,002810.OF,0.7815936435323612
1718,002808.OF,0.8535315857019828
1719,002804.OF,0.04763942905691361
1720,002803.OF,0.8916335760942318
1721,002802.OF,0.8459653075356016
1722,002801.OF,0.7690225652478518
1723,002793.OF,0.7801508657423476
1724,002792.OF,0.7794034898651268
1725,002790.OF,0.7867067513153697
1726,002789.OF,0.7963514071629983
1727,002784.OF,0.8583880223297458
1728,002783.OF,0.8583490291802168
1729,002780.OF,0.7935136955512552
1730,002779.OF,0.3550847616731986
1731,002778.OF,0.6602360805577994
1732,002777.OF,0.6536352711509464
1733,002776.OF,0.6517557736398105
1734,002774.OF,0.7530860366831186
1735,002773.OF,0.7528295222206206
1736,002772.OF,0.8133230379780687
1737,002771.OF,0.6917260089798997
1738,002770.OF,0.6924686552508857
1739,002768.OF,0.4856420480853946
1740,002767.OF,0.8292241654293662
1741,002746.OF,0.7181779982958415
1742,002745.OF,0.6065572296638759
1743,002732.OF,0.7669847511230177
1744,002731.OF,0.888336171610467
1745,002730.OF,0.8883670220713231
1746,002729.OF,0.5607427790749255
1747,002728.OF,0.5647775106552292
1748,002718.OF,0.7343687598163527
1749,002717.OF,0.7330205335770544
1750,002714.OF,0.5086037923771518
1751,002713.OF,0.6900596495342798
1752,002708.OF,0.6618046359022367
1753,002707.OF,0.827428508150841
1754,002703.OF,0.39328275631247295
1755,002697.OF,0.7678206497992984
1756,002694.OF,0.8625562554145666
1757,002692.OF,0.6954729710070562
1758,002691.OF,0.3447754472710222
1759,002690.OF,0.34205853794617885
1760,002686.OF,0.8861089039179539
1761,002685.OF,0.8869776595678326
1762,002683.OF,0.747899707336247
1763,002682.OF,0.48892844439470384
1764,002681.OF,0.48920645365699894
1765,002671.OF,0.949831919713347
1766,002670.OF,0.9518334387892591
1767,002669.OF,0.7625302308156016
1768,002668.OF,0.16589665413475516
1769,002667.OF,0.752455375416609
1770,002666.OF,0.7524384775073708
1771,002665.OF,0.092693241016448
1772,002664.OF,0.05827796933037943
1773,002663.OF,0.8389773060931405
1774,002662.OF,0.8378984165936079
1775,002660.OF,0.3042175451700217
1776,002658.OF,0.665817847852869
1777,002657.OF,0.6636792529974761
1778,002656.OF,0.7741076818852941
1779,002655.OF,0.2999808367476789
1780,002654.OF,0.827229408262786
1781,002653.OF,0.7760625287826884
1782,002649.OF,0.8805536077019376
1783,002643.OF,0.691898276383003
1784,002640.OF,0.7701020191708565
1785,002639.OF,0.6969029735956386
1786,002634.OF,0.834469420891975
1787,002631.OF,0.8743328699503149
1788,002630.OF,0.8730384706493612
1789,002629.OF,0.7112387111850978
1790,002628.OF,0.7111915903742674
1791,002624.OF,0.8368893771286455
1792,002622.OF,0.3762608841816654
1793,002621.OF,0.7682791109758129
1794,002620.OF,0.8398643879035848
1795,002619.OF,0.618529586603079
1796,002618.OF,0.6046723996662265
1797,002617.OF,0.6180364975250469
1798,002616.OF,0.6196693535648264
1799,002615.OF,0.8057818015629574
1800,002614.OF,0.8029920661057006
1801,002612.OF,0.7230099373483247
1802,002605.OF,0.8677781240477571
1803,002604.OF,0.8524194351265366
1804,002602.OF,0.8732265196074795
1805,002601.OF,0.42605349168970147
1806,002599.OF,0.7794145857530479
1807,002598.OF,0.7797962463207345
1808,002597.OF,0.7891042135419981
1809,002596.OF,0.07977564904001534
1810,002595.OF,0.8303114383501342
1811,002594.OF,0.9238312769304072
1812,002593.OF,0.8591060670329604
1813,002588.OF,0.9433457103903721
1814,002585.OF,0.5809539866832774
1815,002584.OF,0.7660021633795497
1816,002583.OF,0.6888162767873584
1817,002582.OF,0.8787907472210684
1818,002581.OF,0.8749265810725712
1819,002580.OF,0.7106897343167753
1820,002577.OF,0.7542640218723429
1821,002574.OF,0.6392350527285641
1822,002573.OF,0.7444693462302501
1823,002567.OF,0.7329910077011806
1824,002564.OF,0.5629997835625119
1825,002563.OF,0.8487286791837735
1826,002562.OF,0.9332949743786237
1827,002561.OF,0.6581479501923232
1828,002560.OF,0.5237613582718568
1829,002559.OF,0.8029980905922103
1830,002558.OF,0.8031650714412145
1831,002556.OF,0.8433979817953517
1832,002555.OF,0.7781702605553421
1833,002553.OF,0.737957452357389
1834,002547.OF,0.8220225567775106
1835,002545.OF,0.9550469060110521
1836,002544.OF,0.5230658865125067
1837,002543.OF,0.5198754615469121
1838,002542.OF,0.41606783508291
1839,002537.OF,0.46420469773352174
1840,002536.OF,0.5083760129713731
1841,002535.OF,0.5042853626364308
1842,002533.OF,0.5673662505332411
1843,002527.OF,0.2814618551377055
1844,002518.OF,0.5156143620069293
1845,002515.OF,0.8839677507926472
1846,002514.OF,0.8776990625307689
1847,002513.OF,0.6027548946655088
1848,002512.OF,0.42418387348853204
1849,002510.OF,0.8371503688047576
1850,002505.OF,0.5229630576327641
1851,002504.OF,0.5263354833736252
1852,002503.OF,0.7663085516062654
1853,002502.OF,0.7573160164224619
1854,002498.OF,0.8108628181787563
1855,002497.OF,0.7044532573818649
1856,002496.OF,0.7704204777965231
1857,002495.OF,0.7707616079949051
1858,002494.OF,0.4748550251654847
1859,002489.OF,0.49029438905609224
1860,002485.OF,0.6478500008214193
1861,002482.OF,0.7132378065771555
1862,002472.OF,0.7848275524332506
1863,002465.OF,0.7769231901999057
1864,002462.OF,0.7561417014938295
1865,002461.OF,0.7507380812103234
1866,002458.OF,0.5364887819104037
1867,002455.OF,0.6493042917504585
1868,002454.OF,0.3617474483973603
1869,002453.OF,0.36658908337050927
1870,002451.OF,0.7521831893502414
1871,002450.OF,0.7536746228580548
1872,002449.OF,0.8818408585761752
1873,002446.OF,0.6261329150850061
1874,002443.OF,0.7207680999736015
1875,002435.OF,0.7813225242786561
1876,002434.OF,0.7862518522229243
1877,002431.OF,0.7821931586987385
1878,002430.OF,0.7809474100353347
1879,002425.OF,0.6739200864243935
1880,002424.OF,0.7874915791843976
1881,002423.OF,0.2191837465096464
1882,002420.OF,0.6705312295647465
1883,002419.OF,0.7451949685227894
1884,002415.OF,0.43722341353169836
1885,002411.OF,0.7046510407324964
1886,002408.OF,0.6207322997143139
1887,002407.OF,0.7285853119787881
1888,002399.OF,0.5416572387144385
1889,002398.OF,0.5234776002999235
1890,002387.OF,0.7543132917224643
1891,002384.OF,0.8493723823019954
1892,002383.OF,0.7367312370162868
1893,002380.OF,0.7147816391794488
1894,002379.OF,0.7137320285483427
1895,002367.OF,0.8191798252093996
1896,002358.OF,0.5783055382680878
1897,002345.OF,0.7792640895663699
1898,002340.OF,0.8252092057646246
1899,002335.OF,0.9069516501768607
1900,002334.OF,0.9068534869838595
1901,002333.OF,0.8518160288308251
1902,002332.OF,0.851850979137048
1903,002331.OF,0.7784050308895064
1904,002328.OF,0.6095154999869844
1905,002327.OF,0.6633726457992898
1906,002326.OF,0.8578466422671218
1907,002323.OF,0.4949440474019314
1908,002322.OF,0.6533287471935892
1909,002319.OF,0.859433242854557
1910,002317.OF,0.8654645383139814
1911,002307.OF,0.8633534009050708
1912,002303.OF,0.7066396486983824
1913,002272.OF,0.8028800589849435
1914,002269.OF,0.45264388400276284
1915,002264.OF,0.6998969728349193
1916,002258.OF,0.9069088483451668
1917,002256.OF,0.7817160874076646
1918,002251.OF,0.6270122848947872
1919,002244.OF,0.7340401067637902
1920,002229.OF,0.7303238107772727
1921,002228.OF,0.5871114093740183
1922,002227.OF,0.6008390621386065
1923,002222.OF,0.6742774714116608
1924,002217.OF,0.9408841613631586
1925,002216.OF,0.9398176634890798
1926,002214.OF,0.7220364505981492
1927,002212.OF,0.4756872843777535
1928,002211.OF,0.6700388341293255
1929,002196.OF,0.5600441596835346
1930,002194.OF,0.6898012738052363
1931,002192.OF,0.7903451940527062
1932,002191.OF,0.7891260969282584
1933,002190.OF,0.7446906079516765
1934,002189.OF,0.8012769009164585
1935,002181.OF,0.7996636029408111
1936,002180.OF,0.800802801240566
1937,002179.OF,0.8567337324855447
1938,002177.OF,0.7783216104580841
1939,002174.OF,0.7609878124837895
1940,002164.OF,0.7926573920456486
1941,002161.OF,0.8136363551216175
1942,002160.OF,0.8448197111157225
1943,002155.OF,0.815437314000996
1944,002149.OF,0.5117986248525941
1945,002136.OF,0.8277253174508357
1946,002135.OF,0.9121178210230673
1947,002133.OF,0.8769335051229976
1948,002125.OF,0.8518408863797703
1949,002123.OF,0.7757237905902477
1950,002121.OF,0.7806152545790633
1951,002120.OF,0.427974657261593
1952,002119.OF,0.9679885627860164
1953,002118.OF,0.9684225672189188
1954,002111.OF,0.8824376713984652
1955,002084.OF,0.7579551266818567
1956,002083.OF,0.7598032099905948
1957,002076.OF,0.8118619449630773
1958,002067.OF,0.7874126933221368
1959,002064.OF,0.7228270187871402
1960,002031.OF,0.8418935845145761
1961,002024.OF,0.8116601954887969
1962,002023.OF,0.8077480828926672
1963,002021.OF,0.8779312051864647
1964,002011.OF,0.9028457232572038
1965,002006.OF,0.8978602513709788
1966,002005.OF,0.5095181429311129
1967,002004.OF,0.8850018338752781
1968,002003.OF,0.8857424578512361
1969,002001.OF,0.8531359335855057
1970,002000.OF,0.5288849896448945
1971,001998.OF,0.6446870093687926
1972,001986.OF,0.7352451301532835
1973,001984.OF,0.6103809296120792
1974,001983.OF,0.7522513754159305
1975,001978.OF,0.7647282031966031
1976,001975.OF,0.8054896429612588
1977,001974.OF,0.9672578961659275
1978,001966.OF,0.7758469491132969
1979,001965.OF,0.7761915702918317
1980,001955.OF,0.8817371131301186
1981,001947.OF,0.6789781393760239
1982,001943.OF,0.575854095688644
1983,001942.OF,0.5748322072529638
1984,001932.OF,0.6464049066906247
1985,001917.OF,0.8345691105382239
1986,001902.OF,0.6995015432364795
1987,001901.OF,0.6934626117742241
1988,001898.OF,0.843660678004508
1989,001880.OF,0.76675330046743
1990,001879.OF,0.7993711435989295
1991,001878.OF,0.8646175952650438
1992,001875.OF,0.657378368103915
1993,001874.OF,0.6500344983430532
1994,001864.OF,0.7935189969114541
1995,001857.OF,0.865725946182031
1996,001856.OF,0.7823845509272057
1997,001850.OF,0.8641135786804085
1998,001844.OF,0.7118621534259554
1999,001839.OF,0.8376114841206346
2000,001836.OF,0.7090983406055357
2001,001835.OF,0.7055746680728169
2002,001832.OF,0.8502072114215466
2003,001827.OF,0.851263238358103
2004,001825.OF,0.8752500855303145
2005,001824.OF,0.740603803933533
2006,001818.OF,0.7279068774394182
2007,001817.OF,0.7240962786647902
2008,001816.OF,0.7921865317351096
2009,001811.OF,0.8207420140479754
2010,001809.OF,0.7222964820176685
2011,001807.OF,0.6839580723906596
2012,001806.OF,0.6937721506139131
2013,001790.OF,0.736087717696232
2014,001789.OF,0.8583445022643303
2015,001782.OF,0.7071878610403146
2016,001780.OF,0.767360601638454
2017,001771.OF,0.8575678276506525
2018,001770.OF,0.6821527437583059
2019,001765.OF,0.6819321238701068
2020,001764.OF,0.7801761310185483
2021,001759.OF,0.8181129552444234
2022,001758.OF,0.8919710967772783
2023,001756.OF,0.6810395119854764
2024,001755.OF,0.6462633468375362
2025,001749.OF,0.8824818765399886
2026,001748.OF,0.8644647134453471
2027,001747.OF,0.8649954382523464
2028,001746.OF,0.9247447585269297
2029,001745.OF,0.9265351398196189
2030,001744.OF,0.8626432785032032
2031,001743.OF,0.37492814905541977
2032,001738.OF,0.9085041257098045
2033,001733.OF,0.8446932258544851
2034,001732.OF,0.8890161062304636
2035,001731.OF,0.8873318672694911
2036,001725.OF,0.9136524020912009
2037,001722.OF,0.5383045795691688
2038,001721.OF,0.53704158693526
2039,001720.OF,0.8711546627978639
2040,001715.OF,0.645807393499451
2041,001711.OF,0.725002088856315
2042,001710.OF,0.7311857010037269
2043,001707.OF,0.777480620281573
2044,001706.OF,0.5900096450005748
2045,001704.OF,0.8580486734058053
2046,001703.OF,0.8746068512017849
2047,001701.OF,0.7783713555945416
2048,001696.OF,0.8810649912362971
2049,001694.OF,0.7959345855769447
2050,001685.OF,0.7046389864544316
2051,001668.OF,0.5774728925535987
2052,001667.OF,0.8220115277613257
2053,001659.OF,0.91978674577218
2054,001657.OF,0.7980467429335905
2055,001656.OF,0.7838846999818136
2056,001648.OF,0.902730009591408
2057,001634.OF,0.8114035368589764
2058,001633.OF,0.8109493603840352
2059,001614.OF,0.8029085359510698
2060,001603.OF,0.8954799370338337
2061,001596.OF,0.7725683905881526
2062,001581.OF,0.8332643376299832
2063,001579.OF,0.8294609913065307
2064,001576.OF,0.8001757107253819
2065,001573.OF,0.7300561926954664
2066,001562.OF,0.872494828578606
2067,001532.OF,0.8772414755965187
2068,001530.OF,0.7738664475603253
2069,001524.OF,0.9226210397437544
2070,001520.OF,0.9137647814657577
2071,001513.OF,0.7006423646421561
2072,001498.OF,0.7955502934978457
2073,001442.OF,0.8318512159818575
2074,001441.OF,0.8312324067413243
2075,001382.OF,0.8633821499027905
2076,001364.OF,0.615730329862298
2077,001344.OF,0.7309400121380798
2078,001296.OF,0.8816624880928149
2079,001266.OF,0.6805255998165698
2080,000762.OF,0.45042913018500463
2081,000436.OF,0.6687105309759985
2082,000433.OF,0.655489695152208
2083,000423.OF,0.5543091600385642
2084,000418.OF,0.792518787128406
2085,000414.OF,0.006042402331530576
2086,000410.OF,0.6585527944645208
2087,000408.OF,0.763295073852645
2088,000404.OF,0.6501167229545133
2089,000390.OF,0.7356468180631419
2090,000370.OF,0.18146044221829555
2091,000369.OF,0.1713798587942792
2092,000368.OF,0.9664917036997096
2093,000363.OF,0.8596774047576621
2094,000362.OF,0.8605075811350722
2095,000354.OF,0.7948207609352675
2096,000336.OF,0.7146864960268241
2097,000328.OF,0.7532637581053149
2098,000314.OF,0.5326902854514773
2099,000313.OF,0.9809479216796301
2100,000312.OF,0.9810346305322307
2101,000311.OF,0.9880473737477112
2102,000309.OF,0.8144847831387855
2103,000308.OF,0.8190968211176723
2104,000294.OF,0.7689991829005874
2105,000279.OF,0.7219733298572362
2106,000273.OF,0.4944589214513611
2107,000270.OF,0.6560227673080055
2108,000264.OF,0.7411191873264684
2109,000263.OF,0.7346371661405278
2110,000259.OF,0.7516040517248913
2111,000256.OF,0.5178933189680545
2112,000251.OF,0.9373908232926964
2113,000242.OF,0.7435345664505437
2114,000241.OF,0.7639119746766064
2115,000220.OF,0.6226149031456304
2116,000219.OF,0.7737393561246125
2117,000215.OF,0.4103089834359156
2118,000214.OF,0.35633119418024145
2119,000209.OF,0.7747734369353657
2120,000196.OF,0.4561675929567
2121,000195.OF,0.45716224864704835
2122,000180.OF,0.08756363383196177
2123,000179.OF,0.0788114991946746
2124,000173.OF,0.755893888971079
2125,000172.OF,0.9790374804422278
2126,000167.OF,0.7347773911944354
2127,000166.OF,0.6322676500601093
2128,000165.OF,0.8038662312680813
2129,000136.OF,0.7364206338093986
2130,000127.OF,0.7660487092312253
2131,000126.OF,0.5663653454806505
2132,000124.OF,0.7000157857953869
2133,000121.OF,0.6491623396565018
2134,000120.OF,0.7671120721822043
2135,000117.OF,0.7321753437612619
2136,000110.OF,0.5139427850620375
2137,000083.OF,0.7244877038051303
2138,000082.OF,0.9459558581748464
2139,000076.OF,0.5712350919816582
2140,000075.OF,0.5712350919816582
2141,000073.OF,0.7358736754707081
2142,000072.OF,0.7334819027024827
2143,000071.OF,0.5670445489820424
2144,000066.OF,0.5735520281966439
2145,000065.OF,0.5683632044810992
2146,000063.OF,0.6790627999134347
2147,000061.OF,0.8123270476424675
2148,000059.OF,0.7711080673962879
2149,000058.OF,0.48218076532989834
2150,000057.OF,0.8147166584559742
2151,000056.OF,0.8616101986624479
2152,000051.OF,0.9954844800644544
2153,000049.OF,0.24915789274412334
2154,000044.OF,0.1631127971904258
2155,000043.OF,0.15314477159211684
2156,000042.OF,0.9721900791465834
2157,000041.OF,0.45521534394465735
2158,000039.OF,0.7190085503714074
2159,000031.OF,0.849777219793914
2160,000030.OF,0.5824409076123437
2161,000029.OF,0.710255905848045
2162,000021.OF,0.8714452373900105
2163,000020.OF,0.8314283594565058
2164,000017.OF,0.7410874784854402
2165,000011.OF,0.8753349430387765
2166,000008.OF,0.8421431425977256
2167,000001.OF,0.8962759068505444
